lbreitler0,iUiO3jY6
mdodgshun1,avEKbB553GG4
oadamov2,Ojm4yBpQ0xT
bcamelli3,9EiIqqpWq
acastagnaro4,GNVojlb13
mbroad5,WDMLGdj
hjanouch6,M2ouZHqQxC
aivimy7,xQOLSi
fsantacrole8,0YkkbFOeNqm
jmillott9,4RCbStMX6u
gkingsmana,ouOfPEm
tcaslettb,tf9Lrgul
rjeromec,xD3nrTT
areeksd,VDP4lM0SO
kmorrishe,lQbsRyh
echatinf,JYkHPFXIPlNG
lbrinklerg,KWGu8dv
bmapowderh,ZXt1pDInYKgV
fkeaysi,5hGUhagOXh
sfairneyj,t1pMnl
ccristofaninik,4kYOWRqU
chitscherl,KA68IKV88t
sfarrellm,jIr5D3XEyTw
fmccambridgen,wHb5QT
cweedso,dy5rzHcm8WfU
jrixp,WcypG2KY
lpaneq,q0goC9
gohernr,DBf2aX
dnaisbets,kNxpefu
fnarramort,KpT3DssWQDt
sdalzielu,yfAkWqcba
kmaruskav,5eOUIx
abourrelw,hgnwQZPk3xvu
lbranscombex,K7mCZNRqw
zecclestoney,ea6JpTzRJd
runwinsz,YJhPsgy
ahalfacre10,8cfIqHO
elevi11,Z4bVmTK68UOU
rtuftin12,oqBMefsR0NG
ktwinterman13,QXKbAoeDT
olumbley14,P1mqeqp
glefwich15,2kSSIRs
bmac16,Ps3rOKqYUm1c
jbrion17,FUll2ooKdJy7
tcalderon18,01iSZneylY
oprigg19,044cWPZ8xsL
aduchart1a,JtdLrGqK
mcharkham1b,tbTSaOjVU
dbavester1c,OZoX6yU
kmccurley1d,l7kPa8r3
jwetter1e,pF5r0CV4KE6
htimson1f,qwS2SkG9Cq1K
kmyrtle1g,bAO6iF3Tr
dhebbron1h,lQA8kAHNQ
pklaaasen1i,vmU0s3
tsansom1j,J5E9in
bcremer1k,CcjPdMtJmj
kstoate1l,FcZh0xMFV
wbauld1m,buYri8B
rcrevy1n,utS0rcTzGKkQ
asouthward1o,M2zbODo12ub
hadicot1p,i7SZ8umoXpLu
vlonghorne1q,OYwsc7Rvj
vianne1r,qmaru47VAX
cdyne1s,DQtkTkadNvG
jrembrandt1t,fb7qrt
dpiddletown1u,CNMQQvK8DNK
ispere1v,4fzF1p6z7E
dbrammar1w,dSeM32AflBML
jvallis1x,ZkgmBTCizR
tknaggs1y,vewu89BgoH
lling1z,Xyka3b1V
kyonge20,yo2YZFhbtaY
efinneran21,Yh8SeL
aoneill22,whQMDi
gdrinan23,3S0dKDQP
mfetherston24,T8j7bew66a
sisakovitch25,WqcZlv1
ccrampin26,fxyykTAG
nmulford27,eKk4WLj25
agailor28,9IT20Yw
djuniper29,fX1QPG49Nd
dpowe2a,lq34tOco201
mvazquez2b,tL7uKJWn
apawlick2c,KueYzfz
ckordes2d,H0DfNgf
pnegal2e,eNzvIhz
kmccallum2f,81SFvitSbYxY
wpurnell2g,bE0CJuw8
ekliner2h,ilHgim1p
madlington2i,3Bfx94v5T
efrancie2j,5wDLmSLJM
sgeard2k,jnDV3l1E
tcotman2l,FSZArKbU
rforrestill2m,27wTUiYfkFI
fdurrell2n,ZbZqmnUZGV
hdandy2o,s5QOAmbQpdz8
glefridge2p,tZGVscD
dbeever2q,kFet2NGa
adelahay2r,JDl8Ts
